{
  "metrics": [
    {
      "total_time": 4.788665294647217,
      "queue_discovery_time": 0.06772708892822266,
      "file_lock_time": 0.0001628398895263672,
      "yaml_parse_time": 0.0006923675537109375,
      "config_load_time": 0.0010950565338134766,
      "connector_init_time": 0.07559704780578613,
      "service_init_time": 0.1690819263458252,
      "neuron_data_fetch_time": 0.00011181831359863281,
      "roi_data_fetch_time": 0.0,
      "connectivity_fetch_time": 0.0,
      "cache_read_time": 0.0,
      "cache_write_time": 0.0,
      "cache_hit_rate": 0.0,
      "template_load_time": 0.0,
      "data_processing_time": 0.0,
      "html_generation_time": 0.0,
      "file_write_time": 0.0,
      "database_query_count": 0,
      "database_query_time": 0,
      "memory_peak_mb": 0.0,
      "memory_delta_mb": 0.0,
      "neuron_type": "AN16B078_d",
      "soma_side": "all",
      "success": true,
      "error_message": null
    },
    {
      "total_time": 4.240782976150513,
      "queue_discovery_time": 0.031073570251464844,
      "file_lock_time": 0.0001437664031982422,
      "yaml_parse_time": 0.0005509853363037109,
      "config_load_time": 0.0010762214660644531,
      "connector_init_time": 0.00041031837463378906,
      "service_init_time": 0.21373438835144043,
      "neuron_data_fetch_time": 0.00010943412780761719,
      "roi_data_fetch_time": 0.0,
      "connectivity_fetch_time": 0.0,
      "cache_read_time": 0.0,
      "cache_write_time": 0.0,
      "cache_hit_rate": 0.0,
      "template_load_time": 0.0,
      "data_processing_time": 0.0,
      "html_generation_time": 0.0,
      "file_write_time": 0.0,
      "database_query_count": 0,
      "database_query_time": 0,
      "memory_peak_mb": 0.0,
      "memory_delta_mb": 0.0,
      "neuron_type": "AN16B081",
      "soma_side": "all",
      "success": true,
      "error_message": null
    },
    {
      "total_time": 4.273198127746582,
      "queue_discovery_time": 0.03104114532470703,
      "file_lock_time": 0.00015044212341308594,
      "yaml_parse_time": 0.0005078315734863281,
      "config_load_time": 0.0011034011840820312,
      "connector_init_time": 0.0006868839263916016,
      "service_init_time": 0.21744370460510254,
      "neuron_data_fetch_time": 9.799003601074219e-05,
      "roi_data_fetch_time": 0.0,
      "connectivity_fetch_time": 0.0,
      "cache_read_time": 0.0,
      "cache_write_time": 0.0,
      "cache_hit_rate": 0.0,
      "template_load_time": 0.0,
      "data_processing_time": 0.0,
      "html_generation_time": 0.0,
      "file_write_time": 0.0,
      "database_query_count": 0,
      "database_query_time": 0,
      "memory_peak_mb": 0.0,
      "memory_delta_mb": 0.0,
      "neuron_type": "AN16B112",
      "soma_side": "all",
      "success": true,
      "error_message": null
    },
    {
      "total_time": 4.205267906188965,
      "queue_discovery_time": 0.030941009521484375,
      "file_lock_time": 0.0001304149627685547,
      "yaml_parse_time": 0.0005228519439697266,
      "config_load_time": 0.0009577274322509766,
      "connector_init_time": 0.0005590915679931641,
      "service_init_time": 0.2146153450012207,
      "neuron_data_fetch_time": 0.00011873245239257812,
      "roi_data_fetch_time": 0.0,
      "connectivity_fetch_time": 0.0,
      "cache_read_time": 0.0,
      "cache_write_time": 0.0,
      "cache_hit_rate": 0.0,
      "template_load_time": 0.0,
      "data_processing_time": 0.0,
      "html_generation_time": 0.0,
      "file_write_time": 0.0,
      "database_query_count": 0,
      "database_query_time": 0,
      "memory_peak_mb": 0.0,
      "memory_delta_mb": 0.0,
      "neuron_type": "AN16B116",
      "soma_side": "all",
      "success": true,
      "error_message": null
    },
    {
      "total_time": 4.6616363525390625,
      "queue_discovery_time": 0.03548002243041992,
      "file_lock_time": 0.00014328956604003906,
      "yaml_parse_time": 0.0005462169647216797,
      "config_load_time": 0.0009865760803222656,
      "connector_init_time": 0.000579833984375,
      "service_init_time": 0.21418261528015137,
      "neuron_data_fetch_time": 0.00010466575622558594,
      "roi_data_fetch_time": 0.0,
      "connectivity_fetch_time": 0.0,
      "cache_read_time": 0.0,
      "cache_write_time": 0.0,
      "cache_hit_rate": 0.0,
      "template_load_time": 0.0,
      "data_processing_time": 0.0,
      "html_generation_time": 0.0,
      "file_write_time": 0.0,
      "database_query_count": 0,
      "database_query_time": 0,
      "memory_peak_mb": 0.0,
      "memory_delta_mb": 0.0,
      "neuron_type": "AN17A002",
      "soma_side": "all",
      "success": true,
      "error_message": null
    },
    {
      "total_time": 5.124391794204712,
      "queue_discovery_time": 0.07299113273620605,
      "file_lock_time": 0.00013828277587890625,
      "yaml_parse_time": 0.0005013942718505859,
      "config_load_time": 0.0009622573852539062,
      "connector_init_time": 0.0004611015319824219,
      "service_init_time": 0.17152857780456543,
      "neuron_data_fetch_time": 0.00010275840759277344,
      "roi_data_fetch_time": 0.0,
      "connectivity_fetch_time": 0.0,
      "cache_read_time": 0.0,
      "cache_write_time": 0.0,
      "cache_hit_rate": 0.0,
      "template_load_time": 0.0,
      "data_processing_time": 0.0,
      "html_generation_time": 0.0,
      "file_write_time": 0.0,
      "database_query_count": 0,
      "database_query_time": 0,
      "memory_peak_mb": 0.0,
      "memory_delta_mb": 0.0,
      "neuron_type": "AN17A003",
      "soma_side": "all",
      "success": true,
      "error_message": null
    },
    {
      "total_time": 4.656834125518799,
      "queue_discovery_time": 0.03615117073059082,
      "file_lock_time": 0.00010824203491210938,
      "yaml_parse_time": 0.044991254806518555,
      "config_load_time": 0.0010237693786621094,
      "connector_init_time": 0.0004210472106933594,
      "service_init_time": 0.17240452766418457,
      "neuron_data_fetch_time": 0.00011539459228515625,
      "roi_data_fetch_time": 0.0,
      "connectivity_fetch_time": 0.0,
      "cache_read_time": 0.0,
      "cache_write_time": 0.0,
      "cache_hit_rate": 0.0,
      "template_load_time": 0.0,
      "data_processing_time": 0.0,
      "html_generation_time": 0.0,
      "file_write_time": 0.0,
      "database_query_count": 0,
      "database_query_time": 0,
      "memory_peak_mb": 0.0,
      "memory_delta_mb": 0.0,
      "neuron_type": "AN17A004",
      "soma_side": "all",
      "success": true,
      "error_message": null
    },
    {
      "total_time": 4.4273362159729,
      "queue_discovery_time": 0.07124567031860352,
      "file_lock_time": 0.00014257431030273438,
      "yaml_parse_time": 0.0005371570587158203,
      "config_load_time": 0.0011324882507324219,
      "connector_init_time": 0.0006420612335205078,
      "service_init_time": 0.17194485664367676,
      "neuron_data_fetch_time": 0.00011110305786132812,
      "roi_data_fetch_time": 0.0,
      "connectivity_fetch_time": 0.0,
      "cache_read_time": 0.0,
      "cache_write_time": 0.0,
      "cache_hit_rate": 0.0,
      "template_load_time": 0.0,
      "data_processing_time": 0.0,
      "html_generation_time": 0.0,
      "file_write_time": 0.0,
      "database_query_count": 0,
      "database_query_time": 0,
      "memory_peak_mb": 0.0,
      "memory_delta_mb": 0.0,
      "neuron_type": "AN17A008",
      "soma_side": "all",
      "success": true,
      "error_message": null
    },
    {
      "total_time": 4.7813334465026855,
      "queue_discovery_time": 0.07403898239135742,
      "file_lock_time": 0.0001277923583984375,
      "yaml_parse_time": 0.0004913806915283203,
      "config_load_time": 0.0010647773742675781,
      "connector_init_time": 0.00042891502380371094,
      "service_init_time": 0.17175936698913574,
      "neuron_data_fetch_time": 0.00011372566223144531,
      "roi_data_fetch_time": 0.0,
      "connectivity_fetch_time": 0.0,
      "cache_read_time": 0.0,